lon,lat,X1980.02.29,X1980.03.31,X1980.04.30,X1980.05.31,X1980.06.30,X1980.07.31,X1980.08.31,X1980.09.30,X1980.10.31,X1980.11.30,X1980.12.31,X1981.01.31,X1981.02.28,X1981.03.31,X1981.04.30,X1981.05.31,X1981.06.30,X1981.07.31,X1981.08.31,X1981.09.30,X1981.10.31,X1981.11.30,X1981.12.31,X1982.01.31,X1982.02.28,X1982.03.31,X1982.04.30,X1982.05.31,X1982.06.30,X1982.07.31,X1982.08.31,X1982.09.30
44.5500114,39.67312517,6.068245888,26.19147682,47.84960175,75.72522736,68.91059875,51.65893173,30.15979385,16.45720482,22.80412102,12.99731064,7.079956055,5.857432842,10.75697231,31.26766396,46.27532196,70.82214355,76.18690491,58.58222961,54.20393753,20.21510315,21.71097183,10.36421013,7.088615417,3.956895351,4.106281281,21.65514183,52.07536316,73.12953949,75.00694275,65.21572113,48.13161469,32.62342834
44.6500114,39.67312517,7.731116772,27.67476273,45.91463852,63.40045547,53.81647491,22.74337959,21.63514519,13.30671597,15.58026505,12.27129459,8.043455124,9.665916443,13.98512554,31.66264725,43.35213852,62.59850693,64.54018402,52.98007202,47.1182251,11.25590897,17.26079369,9.934324265,8.609615326,5.937047482,5.861354828,23.77983665,49.77865601,66.15855408,61.28512573,56.02897644,29.66791344,18.71721268
44.7500114,39.67312517,6.942222595,24.13890839,39.01293182,59.78630829,63.02190018,29.63512993,24.20001411,13.61897182,14.2626152,10.13667297,6.779319286,8.114589691,12.81420517,26.62781715,37.46246338,57.9169426,68.3500824,65.64089203,53.94248581,14.20096874,15.92923069,8.596971512,7.384256363,5.076521397,5.257405281,20.89975357,43.06177139,61.04417801,66.383255,65.46472931,41.65449905,19.45413208
47.8500114,39.67312517,13.00213814,25.4404335,44.36678696,57.93860245,47.19075394,9.343345642,18.98386765,29.1901741,23.24697113,12.70790768,10.20746708,14.62349129,18.93672562,28.22713089,41.02154922,56.82383728,57.33758926,64.35205078,54.65104675,41.27170181,25.34746361,12.39755154,12.48462868,11.24703407,15.31143284,25.50440598,47.53661346,58.28757477,61.43262863,62.93540192,59.97881317,36.37517166
47.9500114,39.67312517,12.80683422,26.53627586,45.9549675,60.52281952,60.71895218,21.86078453,25.83592606,22.38955116,22.64103699,12.52872467,9.212108612,14.40845776,19.91699982,28.80817413,41.0067482,58.29644775,58.15694427,64.34342957,62.57513809,46.18668747,26.32188606,12.47704697,13.02677631,10.98637676,15.76360416,26.20632172,47.07582474,60.80547714,62.00230408,62.04241562,67.45764923,40.46697235
48.0500114,39.67312517,14.52994823,28.97084427,51.20778275,63.33608246,55.77174377,48.0491333,25.80469131,28.99298096,25.77170372,14.02855968,11.19702053,15.14049816,21.28956795,32.48794174,43.95829773,58.54767609,58.54500198,62.09466553,63.39125061,35.20185852,22.67763901,12.7902441,14.03247166,11.13100052,16.3455925,28.87936783,50.33597565,59.03936768,60.49518585,43.52054214,28.06691933,25.64866257
44.5500114,39.57312517,5.398711681,20.18515015,42.61109924,66.80591583,76.65753174,68.97605133,31.07973671,19.0141468,21.03898239,10.66478157,5.686163902,4.620860577,9.554839134,25.24286079,39.23792648,60.79164886,77.64456177,72.83740234,53.11207199,31.0878849,17.55799866,8.290215492,6.160253048,3.884068489,4.219995975,17.95581818,44.43112946,61.91691208,74.94361877,71.33409119,52.75306702,32.37389755
44.6500114,39.57312517,6.281883717,22.79209518,43.64195633,66.29273224,72.96971893,53.21298981,16.27988815,13.55116844,14.94589424,10.28795242,5.454703331,5.396268845,10.09153557,26.64223289,41.43022919,60.31466675,76.6632309,67.24769592,51.4265976,22.54361916,16.94686699,8.485911369,5.466820717,4.295008659,4.939973831,19.84663963,46.14268112,63.61454773,76.31212616,68.97677612,52.24575424,32.507267
44.7500114,39.57312517,6.986167431,20.78453636,33.61410904,49.41369247,53.12755585,29.49375153,14.75099182,11.90779686,12.61557961,9.379053116,5.468016624,5.533335209,10.71489716,23.43298912,32.38926315,47.65953827,57.38644028,56.36434174,36.18122482,11.23841572,13.40352821,7.728749752,5.371296406,4.667709351,5.409386635,18.60204887,35.98723221,51.25322342,56.21664047,56.38302612,39.09697342,18.5648613
44.8500114,39.57312517,7.16779995,19.23534393,31.16036034,45.84602737,43.53883362,19.47525978,14.40200043,12.93455982,11.72251892,7.462344646,4.627252579,5.178833008,10.07162189,21.25912094,30.64715576,45.03862,49.23397064,39.74100113,31.06125069,13.15460777,12.57567024,6.185937405,4.440885544,4.486139774,5.445464134,17.03534508,33.80857468,48.78499985,46.77362442,41.2835083,27.24004364,17.84768105
47.7500114,39.57312517,14.90721798,27.68485832,47.42389297,60.32061386,52.4337883,55.70113754,26.11481285,24.09482765,23.70163727,12.16879082,12.23688602,15.90079975,18.82468987,30.63506317,40.12379456,55.10430908,49.57339096,50.00190735,48.50663757,27.40827179,21.69347763,11.27552414,15.38286304,11.2438221,14.90937233,27.84657478,47.72068405,56.12046432,53.99723053,50.94894028,28.06145287,24.04750824
47.8500114,39.57312517,15.18730068,28.50343513,48.27550888,62.21595001,56.10955811,55.44269943,25.18302727,23.2053833,23.0538063,12.33659649,13.13940907,15.93975925,19.13294792,31.51916695,40.86745453,56.04375076,52.60108948,53.61406326,47.85184479,30.2265358,20.98822403,11.34835052,16.28962326,11.25724316,15.15008354,28.77255249,48.7129097,57.76144028,56.77259827,51.81072617,29.11160469,23.30904961
47.9500114,39.57312517,15.31114769,29.38604164,48.88683319,63.07530975,52.00081635,41.67230606,25.41878891,22.51397705,23.89414024,12.82370377,12.37622356,16.09005928,20.57367134,31.87944412,42.89548492,58.79700851,51.3817749,53.13761139,51.30144119,23.8318119,20.59521484,11.33373451,16.42235565,11.63623428,16.07998085,30.02914047,49.5810051,60.12499237,53.53626251,36.70143127,23.22768021,24.45963669
48.0500114,39.57312517,14.62637806,28.48374367,48.00608444,60.07444,53.25756454,44.66184998,27.00896454,24.15306282,24.1851387,12.89883423,12.17364311,15.33838177,19.8973999,30.90234375,41.76863861,55.97037506,51.28988647,55.12140656,51.71431732,23.54930878,20.88760567,11.39793873,16.17070007,11.06862164,15.46128654,29.11361885,48.26630783,57.06687927,54.40204239,42.82669067,24.3310833,24.48380852
48.1500114,39.57312517,15.38522148,29.49371147,51.77972031,63.84525681,53.60344315,38.96388245,27.07397652,26.61003113,24.64817619,13.51130199,11.55413628,15.15019798,20.93389511,32.00579453,44.83480072,61.18424606,52.58580399,56.30662155,57.20782089,33.04566956,22.18617821,12.21092224,15.32020855,11.18674278,16.60610771,30.41539764,52.12477875,61.46662521,54.38702393,32.6227951,19.30313873,26.03743935
44.4500114,39.47312517,7.340816975,18.31066322,38.23726273,66.71698761,76.78722382,67.77700043,27.04592896,18.96335793,18.10513687,11.21658897,6.526348114,5.688331604,12.75823116,24.02812195,33.7361145,60.23521423,78.13713837,70.04488373,54.86973572,33.1082077,17.68383408,8.213541031,6.966480732,4.488708973,5.359892845,17.14101028,38.70653152,61.95093155,74.25293732,67.91577148,53.37049484,33.08875656
44.5500114,39.47312517,5.758623123,19.40736961,39.93097687,68.25055695,75.1155014,58.15761566,29.07184982,19.12150955,20.11577415,11.37531567,6.570052624,5.112695694,9.52996254,23.97813034,35.90921021,62.35991287,77.39768219,61.88516998,49.90266418,30.04511833,17.52311897,8.468227386,6.992290497,4.284284592,4.406336308,17.64164352,41.14343643,63.24639893,74.98352814,63.13782501,49.12577438,31.33660126
44.6500114,39.47312517,6.38420248,21.20961761,40.77400589,64.40478516,72.84867096,61.3821907,42.00277328,21.94355011,19.66197205,10.63696575,5.772221565,5.367126465,9.671102524,24.46032524,37.69538879,57.41257477,72.82121277,65.73608398,50.49876022,30.86292648,19.60306549,8.29902935,5.535412788,4.262624264,4.896013737,18.35738182,42.20351791,60.58546066,72.36161041,67.31131744,51.69642258,33.53167725
44.7500114,39.47312517,7.429708958,24.0592556,42.30730057,66.13510132,72.0120697,64.53115845,19.09306145,16.87654114,16.7712307,10.42740154,6.421943665,6.229888916,10.81310558,26.11185837,40.37054825,60.40217209,74.11431122,68.56936646,51.08039856,25.17270279,17.12034416,8.422597885,6.085525036,5.111643791,5.745931625,20.16088676,44.60878754,63.47509766,74.05252075,69.66809082,51.96681595,33.7547493
44.8500114,39.47312517,7.514183044,21.06330681,33.04319382,45.68642426,34.13500595,17.28086853,10.3698082,10.24778175,10.5581007,7.796326637,5.196917534,5.610345364,10.54883194,22.58428383,32.15525818,46.32175064,44.84421158,29.05891037,25.18668365,8.707086563,11.17540741,6.310382843,4.889371872,4.801205635,5.705832005,18.17300797,35.36314392,48.98777008,42.00880814,33.27939606,20.46899986,14.52951431
47.4500114,39.47312517,13.12038708,24.33208466,47.44970703,56.51461411,55.93352127,24.82772255,12.85462761,19.29995346,21.50173569,12.1656847,9.687867165,13.78235245,16.35176468,27.75988197,40.74757767,55.55465698,54.9457016,52.64314651,45.82401276,31.39945793,23.2087059,12.05905914,12.3117733,10.34655476,13.73674488,25.16001701,48.06047058,53.75807571,54.45280457,57.02845001,45.27787018,29.72604752
47.5500114,39.47312517,14.59986401,26.19591141,45.60174179,49.8506546,48.16399384,30.92916298,17.17409515,21.93201447,21.16101265,12.81992054,11.95009899,15.49813271,18.18202972,29.44609451,38.65544891,50.76192093,48.72464752,46.45995712,45.72103119,33.63506317,23.30960274,12.83856106,14.16277599,11.12057686,14.83550739,26.73493004,46.09722137,49.93440628,46.31002045,52.4629631,46.04522324,30.81192207
47.6500114,39.47312517,15.57709312,28.85384369,47.27343369,50.5776825,41.15746307,24.02779007,6.641606331,24.09415054,22.60303879,13.59339046,14.04254723,17.48667526,20.60180283,32.23116302,40.08784866,48.33794022,41.48217773,40.5989151,38.29572296,22.65369987,21.53898811,12.72717571,17.59692001,12.32028103,16.00201416,29.16347313,47.81208038,49.09434128,46.97572708,43.62245941,30.09498978,21.91522408
47.7500114,39.47312517,15.70308495,28.46673393,46.87653732,54.98567581,48.15048981,55.85018539,21.41371727,24.51918793,23.36631012,13.5301733,13.57464218,17.05437851,20.24150848,31.67685127,39.76379395,51.09817886,46.81585693,50.36459732,46.87812805,28.12249374,22.01543427,12.5850153,16.77417946,11.85872269,15.57403851,28.6135273,47.41415405,52.42777252,51.42557526,50.96172714,29.51748848,23.25203705
47.8500114,39.47312517,15.98520947,29.28932762,47.44305038,56.52853394,47.84031677,49.57878113,22.14542961,22.44400406,22.61811256,13.06507492,13.52971363,17.17256546,20.52057076,32.61472702,39.90603638,52.0350647,46.89548874,47.58253098,42.90917969,30.6518116,21.4484272,12.18748283,16.63333511,11.91668224,15.87109375,29.45220947,47.92925262,53.25866699,51.5228653,47.69993591,28.63334274,22.6179142
47.9500114,39.47312517,15.16140938,28.88946152,50.23688126,60.80810547,50.24282455,46.49568558,24.15899849,21.74106598,23.31165314,13.88194466,13.1994524,16.72687149,20.72873497,31.27316284,43.22088623,57.50305557,49.78472137,54.32305145,48.19655991,26.61768532,21.14343262,12.46055889,16.95842743,11.91489029,15.76229286,29.08220673,50.88906097,58.70942307,51.71383667,43.01362228,21.32162285,23.24979591
48.0500114,39.47312517,15.14594078,27.76197433,47.68435287,58.88644028,47.35911179,47.10364151,26.43950844,22.97907639,22.39803314,13.03702927,12.75365353,16.62207794,20.95073128,30.21883583,40.842659,54.95735931,47.67131424,47.23888779,43.92924881,32.28128815,20.85151482,11.56413651,16.59605789,11.69756126,15.86337376,28.38335609,47.74756622,56.06675339,49.7035675,41.08182907,22.06657791,22.49909019
48.1500114,39.47312517,14.48254585,26.97825432,47.71432877,57.96746826,43.4901123,42.45209885,26.00812912,23.59884071,22.1532402,12.90644646,11.52555656,15.2346344,20.53958893,29.12080002,40.989048,56.0648613,46.08880997,46.13351059,46.23747635,37.55064011,23.80418968,11.62013435,15.24479866,10.97250462,15.5726614,27.75879288,47.44255829,55.84440613,45.86084366,32.88274002,17.26611519,22.50770569
48.2500114,39.47312517,14.15797329,28.81750107,48.86490631,63.11439133,43.10874557,33.97386169,18.72671127,20.01324654,23.40150833,11.94450855,9.668143272,13.52597237,18.81766319,30.24409294,42.32474136,58.4260788,52.05844116,37.38726425,49.64430237,24.90065193,20.27141571,10.39747047,12.96109962,10.05444813,14.81302738,28.82429695,48.34709167,60.40484238,48.55911255,37.47431183,23.38614845,27.60941887
44.0500114,39.37312517,3.719674587,10.23931599,30.04766464,50.38547516,45.06790924,52.93612671,59.85315704,43.75614929,27.50934982,10.75089931,5.824723244,4.174781799,5.582843781,13.59598637,24.47261047,46.72428894,48.18097687,54.06074524,57.44152069,46.83733368,24.17432785,8.49995327,6.020424843,3.750404119,3.7074821,10.07306671,29.53362083,47.93794632,46.59541702,48.96032333,56.93304443,39.92076874
44.1500114,39.37312517,3.853812218,11.57339764,33.02404022,54.78772354,53.86598206,67.94766998,61.88838959,38.62691116,26.71559525,11.29452229,5.7728405,3.742549658,6.340286255,17.40162086,26.98874283,51.10815048,55.47618484,68.17001343,63.52856827,42.6616745,23.93544579,8.250175476,6.093678951,3.308615923,3.578419447,11.86354065,32.98073959,53.1371727,52.65279007,63.57086945,60.30469131,38.92732239
44.2500114,39.37312517,5.318065643,12.94804573,35.42165756,55.84422302,55.59306335,72.74653625,53.19369507,32.04584122,24.56815338,11.54112434,6.27773571,4.440375328,8.69389534,19.85933304,29.36039543,52.59320068,56.23093033,71.23423767,59.23980713,34.98594284,22.84773254,8.617753029,6.786320686,3.876774788,4.916539192,14.29292297,36.49864578,55.10026169,55.53266144,68.8534317,53.22228241,35.85915756
44.3500114,39.37312517,6.418220043,17.09964943,37.72284698,60.25901031,69.99951935,68.4230957,55.71962357,35.40779114,24.13068199,12.08228302,6.97752285,4.868021011,11.09635353,26.4161129,32.12922287,56.56102371,64.96648407,67.51655579,61.57077026,38.87773895,24.09576607,9.174040794,7.844596863,4.053011894,5.643654823,18.7981205,39.09263611,59.23760223,65.09988403,66.0870285,56.85857773,37.78092575
44.4500114,39.37312517,7.885568619,18.32099724,37.62251663,60.96010971,69.27251434,66.52487946,48.10382462,23.99890709,20.94716072,12.07228374,6.304579735,5.396737099,14.27411747,27.31791306,33.05303574,58.34840775,69.61832428,68.13227844,62.17448425,40.00096893,24.42039108,8.84803772,7.689649105,4.505720139,6.352437019,19.57288742,39.52128983,60.55130005,67.09145355,65.34545135,60.35181427,40.76143646
44.5500114,39.37312517,7.44725275,19.26452255,38.32923126,65.12018585,72.47825623,67.06562042,46.29799652,25.52362633,22.78271866,12.59691238,6.219878197,5.264007092,13.79417229,26.02686501,33.63184738,62.27975464,72.75109863,68.12420654,59.05329514,40.64930725,24.56059647,9.169931412,7.615488529,4.841727257,5.31054163,17.4497242,39.91962433,64.65042114,71.27451324,66.08196259,56.87124252,39.77435303
44.6500114,39.37312517,6.946126461,19.86199188,37.03992844,58.34835815,58.58030701,55.19517136,39.15174484,22.28781319,19.12601471,10.57293034,5.655648708,5.35049963,11.02263546,23.91262054,32.84542465,54.41568756,61.90828705,58.08343506,52.76776505,27.90052032,18.86476898,7.741392136,5.865810394,4.831914902,5.078853607,17.2257061,38.84439087,57.30992126,61.41179657,56.40042496,51.23854065,35.49813461
44.7500114,39.37312517,7.147614002,21.63145638,38.9058075,61.25039291,58.22034836,54.00269318,21.49634552,19.53700066,17.33543015,10.38002968,5.48919487,5.213628769,11.11436176,24.76336479,35.08058167,57.30910492,61.98594666,57.74834061,53.32282639,26.1159153,18.85611153,7.94299984,5.729771137,4.886373043,5.162296772,17.76067162,40.98940277,59.77574158,61.82121658,56.18190765,51.93283463,36.25738144
44.8500114,39.37312517,7.811616421,21.92768097,36.70110321,55.17704773,51.4076767,39.75706863,17.39715767,14.86122417,14.5589695,9.235350609,5.20405674,4.548315525,11.16419125,24.04578781,34.12636948,54.46126556,57.83044815,52.13417053,43.14294815,13.0538044,16.34030342,7.420229435,5.266390324,4.471832752,5.377182007,18.33244324,39.6437912,56.87242889,57.13146591,51.64820862,45.9965477,28.66227531
44.9500114,39.37312517,7.646281242,22.78386116,33.84534836,55.15529251,52.53268051,17.27531624,6.360868931,10.27880096,11.006423,7.684515953,5.500012875,5.021752834,10.96057892,23.32314873,33.11060715,53.75639343,57.39481735,52.62688065,34.14460754,13.62978649,14.08065414,7.051796436,5.439659119,5.119159698,5.273312569,18.35998726,35.67745972,54.56425858,55.01745224,49.76026154,36.08815384,19.37870789
45.0500114,39.37312517,7.85965538,23.99631119,35.24101257,50.44497299,53.60897446,20.0056572,6.972846031,9.5884552,12.54165745,8.272007942,5.641760826,5.176281929,11.17600918,23.79203415,34.58143997,50.25128937,57.18283844,58.27635193,39.65467072,14.62111378,15.36077404,7.771608353,5.53550148,5.112214565,5.446109772,19.13375473,36.26789856,50.35600281,55.41785812,54.40225983,41.55944824,21.30315971
47.3500114,39.37312517,13.51089096,27.38121605,48.32578659,65.01959991,64.67714691,40.35189438,9.351078987,20.959795,23.87490082,14.01644993,11.62228584,15.22256565,17.79683113,30.76931953,41.1693573,59.55550003,57.03807068,58.00866699,47.53664398,34.72249985,24.19768715,13.55424595,15.5327425,10.84578609,13.56520557,27.88963699,51.17734146,61.5424881,61.81464386,63.13370132,47.67067337,33.81291962
47.4500114,39.37312517,13.17838097,27.32832527,49.98170853,65.03085327,59.61912918,60.85414124,15.53319168,25.08376503,23.78472137,13.39683247,11.8328228,16.29390717,17.03485298,29.99524307,41.50045776,58.95514297,57.56497192,53.86533737,49.53528595,38.55125809,25.8435955,13.27146053,16.50932884,11.14115143,13.06097603,28.05920792,51.40858078,59.16705704,61.13564301,55.90757751,48.08300018,33.55522537
47.5500114,39.37312517,13.76401424,27.64402962,47.2927742,59.33686066,56.87020874,66.24176025,14.80688953,26.06128883,24.71578217,14.43937302,13.22572041,16.78382874,17.32507133,30.24010086,38.74695587,54.8425827,56.26330185,56.32400513,51.44856262,40.56734848,26.72624969,13.93117905,17.76738167,11.71114731,13.32791138,28.45166016,47.69009781,55.04281235,58.85578537,57.99930191,50.46404266,35.47726059
47.6500114,39.37312517,15.28385258,30.8335247,51.15207672,57.8297348,45.35561752,36.71336365,8.71172142,23.54747391,21.70950699,13.76059246,14.61532497,18.71651268,19.79502869,33.69868088,41.1300087,57.2183342,51.0112381,42.60892105,40.551754,31.00397682,24.20332336,13.6423502,21.06867409,12.8279953,15.06287861,30.1060524,51.81982422,55.32984161,55.02593994,46.88693237,41.60219193,28.53894234
47.7500114,39.37312517,16.33990288,31.36882401,50.06793213,54.01511383,41.36031723,33.3241806,7.515552044,23.21984673,22.17418861,14.76236916,16.36416435,20.17957306,21.43185806,34.66391373,40.30727005,54.59577942,48.99262238,42.16123199,38.89557648,30.67487335,24.77599525,14.40698814,23.4199028,13.49321079,15.8283205,30.88758087,50.77440262,52.18013763,51.86308289,45.60897827,41.06196976,29.13876915
47.8500114,39.37312517,16.5932045,31.51010132,49.89025497,57.52505112,43.34465408,43.16652298,32.65132141,25.8416214,22.55535698,14.42284012,15.54877758,19.36597061,20.97774887,34.74950027,40.38042831,56.2897377,49.87417603,44.31869507,39.82880402,31.56402016,25.07655525,14.30400181,21.85663223,13.00398254,15.50579739,30.91096878,51.22820282,54.9638443,54.30072021,45.77935028,42.15868378,29.26752472
47.9500114,39.37312517,15.39338398,30.28352356,49.14935684,64.28525543,56.56948853,47.78958893,37.77987671,27.9143219,23.66017342,13.81989193,13.88512993,16.90143394,19.18444061,31.89805794,40.32291031,58.85723877,58.11124039,48.70549774,45.42181015,33.07964325,24.90561676,13.53315926,19.53628349,11.8491869,14.42868137,29.76137543,50.65859985,60.04165649,62.12335587,49.08115005,43.84049988,30.78141212
48.0500114,39.37312517,13.82017612,29.91855812,46.83145905,61.47831345,51.24622726,45.33282471,36.47821426,27.37586403,21.66008186,13.8141613,14.19451427,15.63088608,18.8582859,31.42767143,38.63565826,56.84816742,54.80607605,46.6919136,41.83576584,30.37806129,23.87031555,13.77192783,20.08840942,8.902293205,13.44277287,29.56978035,48.76013947,56.77347183,58.75308609,46.114254,41.70760727,28.32536507
48.1500114,39.37312517,16.09844208,29.90313911,46.88851929,59.66362762,31.18130493,10.33410263,10.61681366,25.01952362,21.38342476,14.62168217,14.15858269,16.49591255,20.776968,31.74636078,39.90699387,56.91861343,44.81015015,34.4425621,32.43147278,23.44005394,20.42832375,13.35398769,18.10485649,11.66177082,15.2205162,30.50989342,45.77905655,47.37860107,45.41279984,33.85389709,28.80270386,23.04997826
48.2500114,39.37312517,15.92772484,29.97542191,44.5642128,61.02958298,48.47770309,50.0520401,35.10374451,20.45392418,21.06410599,13.60834885,13.03270626,15.1035347,19.69485664,31.12013435,37.76995087,56.66785431,55.84606171,43.14186096,37.99114227,29.29240799,22.47210884,13.12834263,16.52100563,10.9126482,14.49847603,29.26413155,46.03388977,58.33245087,55.82544708,46.00108337,37.13874435,28.65751266
44.1500114,39.27312517,3.727863789,10.52415848,31.5443058,49.90169525,46.75952911,63.49775314,62.40036774,40.25852203,27.3034687,10.28809738,4.83770752,3.350653172,5.791235924,14.61296177,25.54458046,46.47292328,49.91189575,64.10664368,63.16891861,45.28106308,24.80895805,7.560246944,4.912228584,2.904134989,3.478736639,10.60583305,31.68891525,48.00474167,46.2195015,59.58358383,60.19766998,40.30823135
44.2500114,39.27312517,5.249351501,12.61936378,35.06726456,54.59393311,55.00277328,69.24620056,64.78104401,39.73188782,27.03156471,11.40340805,6.3274436,4.217222691,7.942149162,18.14908409,28.63193512,50.86735153,55.57590103,69.61903381,66.36349487,45.08052063,25.12811852,8.572299957,6.564497471,3.787825108,5.181861877,14.08255482,36.10993576,52.66825485,55.02104187,65.17814636,62.66920853,40.77653885
44.3500114,39.27312517,3.355973005,12.82400799,32.79213333,50.06118011,47.74598694,61.9900856,56.76625443,34.32388687,24.55253983,10.26537228,5.398754597,3.24658227,7.116242886,19.65429306,26.64404488,46.90485001,49.87186813,64.30805969,60.63204575,39.27398682,22.72589111,7.619252682,6.001824856,2.861298323,3.350554705,14.43139172,33.46344376,48.05965042,49.45862579,59.92927933,55.53238678,36.79092026
44.4500114,39.27312517,3.419529915,12.87789917,32.91014099,60.53435516,72.38329315,72.54669952,54.59473038,32.16268921,21.84262657,10.10571957,4.065716743,3.373520613,8.75222683,21.62846947,27.67058563,55.38976288,68.24884033,69.68128204,55.72925186,35.02351761,21.71936035,7.28781271,5.034303665,2.851947546,2.918027639,13.48651791,34.39319229,55.75832367,67.58861542,67.76179504,53.52295303,36.62236786
44.5500114,39.27312517,4.094157696,16.16895485,37.1126976,65.28010559,75.57652283,79.05751801,56.8405571,31.13920403,22.74766731,10.91056347,5.422323704,4.238673687,10.44054031,22.98740768,31.77791405,60.74047089,71.21277618,76.38767242,60.29480743,34.95819473,22.95846748,7.843920708,6.604169846,3.945539951,3.034730911,14.50537872,38.98283005,61.63439941,70.37743378,73.16452026,58.01826096,37.82719421
44.6500114,39.27312517,5.975183964,19.49897575,38.7735405,60.61969757,60.18201065,56.90505219,24.28066635,17.84972572,17.21491432,10.68251324,5.629821777,5.311630726,11.06491184,24.48049545,33.65916443,56.11390305,63.36558914,60.02550125,53.46644211,24.40969467,19.20676804,7.721168995,6.012589931,4.825926304,4.581563473,16.57208061,40.08532333,59.29248047,62.97874069,58.08398438,51.72045517,36.24494553
44.7500114,39.27312517,6.563878536,19.40966034,36.54621124,56.08334732,58.98991394,60.15858841,22.80766678,17.50054169,16.91814804,10.05707073,5.498917103,5.010492325,11.24234772,23.82458115,32.91503143,54.34157562,62.84522247,63.15125656,49.49142075,14.50537014,17.72813034,7.147908688,5.673575878,4.671986103,4.550805569,16.31414604,39.07554626,56.72132874,62.83922195,60.89952469,54.47084808,37.14876175
44.8500114,39.27312517,7.156702518,20.80165672,37.75584412,59.94047165,60.78642654,60.91372299,24.70010185,18.6119175,16.90360451,9.509166718,5.255509853,4.674061775,11.10156155,23.82009697,34.66417313,57.82776642,64.99651337,62.65431976,51.72833633,14.33074188,17.82041359,7.190745354,5.215696812,4.538753986,4.550139427,17.49474716,40.68084717,60.53863525,65.57355499,60.89136505,55.22526169,37.18042755
44.9500114,39.27312517,7.289949417,21.9378643,32.5384407,50.26794052,46.10931396,19.47635078,7.187469482,10.04976845,10.81414318,7.207387924,5.337437153,5.010207176,11.03738022,23.03673553,31.38361359,49.62458801,53.41977692,46.57444763,27.52159882,12.07968616,12.65815258,6.361840725,5.268119812,4.796227455,4.479368687,17.98937607,33.96852875,49.94988251,51.44994736,44.5402298,29.22265816,17.92447472
45.0500114,39.27312517,7.892160416,23.41438484,34.23369217,55.23096466,50.8843689,18.30537415,7.339004517,9.642638206,10.5578661,7.077768803,5.144679546,4.904724121,11.27899837,23.52172279,33.4490509,54.09357071,56.48264694,49.45176315,32.89808655,13.21784782,12.58716393,6.56075716,5.117483616,4.711221695,4.763545036,19.28686142,35.28640747,54.75954056,55.38880157,46.4341507,36.05398178,19.75078773
47.1500114,39.27312517,12.09761143,25.15579414,43.87527466,61.83673096,63.24902725,27.41080666,6.286631584,20.16560364,23.7323513,13.79380989,10.49982166,13.72565842,16.21794701,29.46629524,38.21974182,57.61691666,59.91275787,59.21305847,49.81342316,37.2218895,24.54997253,13.42955875,14.70044994,9.840434074,13.0163269,25.98671913,46.37388611,59.49669266,63.52261734,62.30405045,48.41162872,34.80735779
47.2500114,39.27312517,15.44974232,31.48605347,54.28917313,66.53299713,52.35895157,41.22159958,31.73676682,30.11061859,24.17939758,15.32528687,14.01672077,16.76310539,19.68689537,34.3411293,43.53154373,61.33825302,56.02272034,42.38953018,37.87612534,33.42393112,25.93313217,14.80946255,17.70114326,10.85192776,14.82813835,30.72103691,56.48651505,62.59501648,60.1498909,45.39577866,40.23196411,30.04921532
47.3500114,39.27312517,15.10267544,30.19421196,53.07876968,65.87667084,54.6399498,44.41564941,32.12496948,28.93016052,23.12173843,14.20462036,13.37378502,16.26554108,18.9317112,32.71277618,42.79767227,60.48200989,56.4752655,44.30527496,37.10676956,32.50528717,24.19709396,13.57482529,17.00885773,10.60384369,14.23168659,29.88510323,55.6577301,61.30630493,60.65474701,47.44128799,40.13995743,29.6626091
47.4500114,39.27312517,14.82891369,30.58055305,52.89031982,68.78286743,54.48691559,46.81402969,34.06429291,28.5419178,23.04964066,14.12663651,13.52026558,17.73807144,18.6810627,33.75469971,44.03414154,61.20250702,57.80741882,43.3000679,40.37584305,33.08751678,25.9101696,14.0644207,17.82530022,11.56072617,14.01055336,30.64017487,55.76605988,62.36752319,60.2425499,47.4416275,40.61629486,29.22346497
47.5500114,39.27312517,13.82469273,28.70767593,50.5415535,65.37446594,59.16292191,57.44918442,14.35863304,24.41389465,23.17272568,14.17022324,12.99623108,17.28996277,17.91968918,31.43131447,41.76112747,59.04734039,58.80036163,52.19903183,47.012146,36.51266479,25.7463398,13.8994379,17.31993675,11.5831995,13.29182339,29.06832314,52.0225563,59.67171478,61.72698593,54.85941315,46.03014755,32.13912582
47.6500114,39.27312517,13.58950806,28.2994976,52.28430939,69.76042175,58.92930984,45.16731644,10.71827602,23.27067566,21.49085236,13.78033924,13.93876266,17.24900818,18.54923058,31.14518356,42.3225174,62.76716614,59.11315918,46.13372803,40.72256851,30.16327667,24.69548035,13.9669342,19.42035866,11.488657,13.48707581,27.68331909,54.00657272,62.85178375,62.87195587,50.71914673,42.32229996,28.55278397
47.7500114,39.27312517,14.45089436,28.68683815,52.88602066,69.2695694,58.56772232,48.81181335,33.49059677,26.87161827,21.15154076,13.92972374,14.30869389,17.51310349,18.87679863,31.36633301,42.5545578,62.24357224,58.88233566,45.50068665,40.14790726,30.50728035,24.39239502,14.03891087,19.64119148,11.56258678,13.47680569,27.71653366,54.52170563,62.15690613,62.57019424,50.63640213,42.37886429,28.94307899
47.8500114,39.27312517,14.00875187,29.09034729,49.85665512,63.41945267,58.31061172,44.07735443,11.95281696,23.60122681,20.99271774,13.91412067,14.79754162,17.44294739,18.93029785,31.62247467,40.11508179,57.40462112,57.77796936,46.84259033,39.92909622,31.48845291,24.17002678,13.97951889,19.69014359,11.42212105,13.44549561,27.9930706,51.2300148,57.16622925,61.75967407,49.40454483,42.6624794,29.19677162
47.9500114,39.27312517,13.95877171,27.88630295,49.54166412,62.18596268,43.96944427,16.4302578,11.91919041,24.49546051,22.56001663,14.15211773,14.21722031,16.3243351,18.68537331,29.86489677,40.25125122,57.48429871,54.7697258,34.92437363,32.85643768,23.7501545,21.82907677,14.67862034,18.77111626,10.79574585,13.16717339,27.61523056,51.55995941,55.19454193,53.17875671,38.36677933,31.70023918,23.61598969
48.0500114,39.27312517,14.57900333,28.62091064,48.8635788,62.81148529,43.26948166,16.88738632,12.11031342,24.99432373,23.46602058,15.26649475,15.31344414,17.64936256,19.49793625,30.89017677,39.89957428,58.10557175,54.72720718,36.3181076,32.46554184,24.44303322,23.47591782,16.29146957,20.90664482,11.62823677,13.61707973,28.46894646,50.89201355,55.62945175,52.56429291,38.65369034,31.93461037,24.63676262
44.2500114,39.17312517,4.433862209,10.30383301,31.60906601,50.13122559,49.24602127,62.45045471,62.88008881,40.85698318,26.23712158,9.914960861,5.220828056,3.621520996,6.777059555,14.62129879,25.6900444,46.36512756,50.49237061,62.9503212,63.04279327,45.96553802,23.86142731,7.417845249,5.447361469,2.914556503,4.497193336,10.76430702,31.98587036,48.5376091,48.69711304,58.65170288,59.94100571,40.20017242
44.3500114,39.17312517,5.990353107,15.43426991,37.11545944,60.51426315,66.06423187,77.09220123,67.19145966,43.82186508,29.55727005,13.03119183,7.529791832,5.033637524,10.1227541,23.0691433,31.31040382,55.52826691,62.00353622,75.34233093,69.33473206,50.50680542,27.71114349,9.734459877,7.958787441,4.100299358,5.626760483,16.94503403,38.24030685,58.54007339,61.82311249,70.3496933,65.64581299,44.06111526
44.4500114,39.17312517,4.381383896,13.30833912,32.72914124,52.80593872,59.77091217,51.8405571,43.78925705,25.09287453,19.20099068,10.32239532,5.230408192,4.068941593,9.923382759,19.12280655,27.78948212,49.98196411,60.04296112,55.81544113,49.48889542,27.44400215,20.02940559,7.401175499,6.003575802,3.347075939,3.85530901,12.75533485,34.53892517,52.04277802,58.89533615,56.90073013,46.10799789,33.08786392
44.5500114,39.17312517,3.059548855,13.14405823,33.36753464,59.97201538,72.9230957,72.68737793,54.40680313,30.32755661,22.01956177,10.41335773,5.50771904,4.231964588,8.630605698,18.97356796,28.1466732,54.82125092,68.64672089,70.89425659,56.60556412,33.6089592,21.3631916,7.31674242,6.358052731,3.806777954,2.416466951,12.11981678,35.22659302,54.71002579,68.25856018,67.61787415,54.31872177,35.78845215
44.6500114,39.17312517,3.864715815,15.39428997,36.22240067,65.51358032,72.76986694,72.14155579,50.41539001,29.5580101,20.79743195,9.160508156,4.495857239,3.316209316,7.779173374,19.46274757,31.28833199,58.1635704,69.58377075,74.4305191,56.41586685,30.960289,21.1846199,6.854483128,4.521555901,2.913596153,2.833917141,13.22786903,38.54351044,60.95717239,70.40579224,71.29897308,54.68072128,36.62841034
44.7500114,39.17312517,7.482692242,21.13881111,41.43955612,65.53985596,72.24133301,75.64624786,55.83491516,24.40391541,21.31508446,10.40747643,5.68610239,5.716443062,12.78922653,25.50885201,36.20044327,59.36726761,70.75876617,78.55322266,63.43409729,36.40014267,22.83067703,7.575068951,5.853112221,5.076571465,5.784526348,17.61896896,43.81132507,62.12263489,71.53100586,75.21813202,64.23973846,41.36807632
44.8500114,39.17312517,6.761319637,20.14463234,36.13531113,60.34208679,59.74551392,55.81671524,27.42940521,16.36873627,16.41657066,9.141130447,4.976690292,4.504332542,10.70120907,23.30813408,32.3106842,56.4127121,64.17097473,60.01759338,50.9764061,16.78629303,17.06175041,6.786671162,5.047615528,4.18573904,4.132725239,17.1532383,37.84317398,58.85007858,64.40855408,58.20664978,49.84085464,35.09975433
44.9500114,39.17312517,7.890094757,23.7045784,36.59527206,59.71595764,48.55210114,15.31465816,7.002785206,9.052887917,11.01265526,7.778300762,5.944281101,5.867153168,12.09579086,24.78360748,34.16062546,57.04304886,57.00371933,42.73154068,26.68383789,11.71438408,12.26125908,6.431884289,5.883275986,5.353030682,4.741871357,19.263731,37.1450882,58.25100708,55.37486267,40.9188652,29.06610489,19.5050087
45.0500114,39.17312517,8.986198425,26.52620888,37.55018997,52.10370255,39.80184174,11.84324551,6.344274521,10.04996204,10.90474319,7.720609188,6.100412846,6.027517796,12.62783146,26.3938179,35.76706314,52.7742157,51.18962479,38.55919647,23.30226898,10.47823334,11.675107,6.678725719,6.005443573,5.47825098,5.250450611,21.51317024,38.35439682,53.33979034,50.45007324,38.76740265,24.25091553,18.75683594
45.1500114,39.17312517,9.92059803,23.5236187,34.04680634,51.04203415,45.73580933,12.4489584,7.495325089,11.69856167,10.09745026,7.360106945,5.574028015,5.35812521,13.04457092,24.15883446,31.94305801,51.44155884,51.4839859,47.48575211,23.49629593,12.30226135,12.29954338,6.361736774,6.335932255,3.967212677,5.104138374,20.6090889,34.07883072,51.57059097,51.42186356,38.92922974,17.40424728,16.39928818
45.2500114,39.17312517,9.713596344,20.47540474,24.89323997,30.35453224,24.50583267,15.22417259,10.68531322,14.24693871,9.200398445,6.265728951,4.228442192,4.53083086,12.7407732,21.97231102,27.97470856,40.53793716,35.86271286,27.9205761,21.04233932,11.76563358,10.72489357,5.431228161,5.561864376,4.118968964,5.800895691,19.44486237,29.14238167,39.44725037,36.42529678,24.01399612,21.70858765,11.63898468
47.0500114,39.17312517,14.25249577,27.63004684,53.10526276,66.54117584,68.84838104,59.51133728,41.72445679,35.8591423,26.62806702,16.25305748,13.92839241,14.89557171,19.43182373,31.42106628,40.81317139,62.43806839,64.1594696,56.40321732,45.36646271,38.85164642,27.84273911,15.04121971,16.7419548,9.861807823,13.42615414,27.58835411,52.98123169,62.46051788,69.23100281,58.83005905,48.2708168,36.34619904
47.1500114,39.17312517,14.16660595,28.32032204,50.6987114,60.76747894,65.45587921,50.45438004,36.48288345,32.23170471,24.33733559,15.24466324,13.538167,16.3086834,19.10187531,33.25369263,39.06996918,56.29359055,63.10326004,49.83972931,42.00470734,36.09508896,26.66233253,14.42325497,17.18159294,10.23627567,13.75273418,28.72233582,52.29442215,58.20558167,66.74565887,52.26212692,44.32043457,32.92798996
47.2500114,39.17312517,14.22610855,28.12374496,49.75867081,60.26674271,65.9726944,47.11611938,34.30588913,29.53382111,24.38894653,14.62212372,12.883564,15.64906883,18.90728188,32.97002792,38.6341095,55.39456558,64.47467041,47.26900864,39.96576691,34.55850983,26.54122543,13.89678192,16.80388641,9.905266762,13.67321777,28.79470444,51.97200775,56.97005081,66.80992889,49.92272949,42.69541931,31.38846588
47.3500114,39.17312517,15.22462463,29.66024971,53.89858246,68.51129913,58.21415329,45.1776886,32.82587814,29.11096954,24.83755684,16.21088028,15.66967106,17.27680397,20.54316139,34.80569077,42.64077377,61.32258987,59.31333542,45.89488602,38.3522377,34.4707756,26.79325294,15.0783577,19.38877869,10.85336018,14.73356056,30.67533302,57.64635849,62.76333237,62.92716217,48.82963943,41.71310425,31.14349937
47.4500114,39.17312517,15.12390709,28.10391426,53.5814209,69.85445404,55.26464844,45.94489288,33.52207947,28.74261093,23.54187584,15.91767406,16.41192627,19.55139542,20.58172035,36.25323486,44.07373428,62.56661606,58.84464264,43.29187012,40.50997543,33.99678802,27.37578773,15.77859497,21.19268227,12.37985325,14.9469614,32.05334854,57.29384613,62.70542526,61.47201538,48.01747894,40.97507477,30.15231514
47.5500114,39.17312517,13.21870422,27.25162506,48.90096283,61.71064377,55.72883224,60.0995369,9.851585388,25.35323715,24.21936417,15.0653019,13.27100945,17.88310814,18.32240868,31.34858704,39.40451813,56.99478912,58.13967896,54.88695908,49.59078979,39.49465179,27.46619415,14.76485348,18.01520348,11.55336285,13.3625412,28.46697807,49.5514679,56.86774445,60.15021515,57.41375351,49.15932465,34.66043854
47.6500114,39.17312517,13.20053959,27.0737648,49.87733841,63.6893158,53.05187988,49.15882492,9.236157417,24.20483971,22.07711601,14.54884243,13.97398758,17.92940331,18.62480927,30.65822601,40.05312729,59.94519806,56.1292572,47.37913132,43.64403915,32.0503273,25.49921417,14.66849327,19.68247795,11.70537567,13.81509781,27.21713066,50.81295395,58.35190201,59.00325394,52.20744705,44.41405106,30.20067024
47.7500114,39.17312517,14.29642582,28.75799751,50.31950378,63.4454689,58.34515381,48.78368378,34.27242661,26.43855476,21.043396,14.6900692,14.75737,18.55035019,19.27565765,32.19404221,40.54285431,57.9379425,58.98425293,48.01779556,39.5955925,29.6676693,24.90119171,14.77130318,19.62015152,11.91756248,14.15665245,28.41490364,51.93260193,56.51449966,61.65707016,50.78577805,42.46255875,28.73697853
47.8500114,39.17312517,13.70854473,27.8028717,49.06466293,58.20814896,61.10437775,44.01096344,20.30474854,23.42251205,21.25120926,15.07073307,16.5817585,18.87057686,19.47752953,31.6511879,39.46739197,56.2747879,59.2299118,45.89522934,38.38901138,30.90696144,24.71764755,15.01086998,21.78152657,11.95394707,13.96011734,28.0354538,50.68263245,55.02419662,61.2905159,49.55533981,42.91000748,29.14307022
47.9500114,39.17312517,15.66163445,28.37099648,52.13766098,65.49034119,40.65392303,25.08485985,19.52575493,24.77911186,22.05533791,16.3674221,16.62543869,19.79722023,21.81587791,31.64831352,42.2036171,61.16731644,52.65683746,35.68648148,32.77436447,23.38349724,21.2084198,15.37797928,21.57540131,12.76714611,15.16868973,28.79957199,53.65846252,54.1369133,50.4205513,39.87174988,33.14586258,24.37277794
48.0500114,39.17312517,14.87305164,26.85065079,48.99840546,64.76611328,51.39341354,44.56171417,38.61264038,29.00409508,22.63768196,16.01116371,15.81609631,18.21206474,20.76496887,30.85909843,40.26435471,59.64647675,53.01327133,41.1849823,40.50238037,34.30000687,23.15049171,14.28390026,19.99651909,12.13514614,14.2865696,27.43905449,51.60728836,59.01093674,56.68621445,44.12065506,40.33817673,27.62176132
48.1500114,39.17312517,13.71408844,26.36948967,47.27960968,62.94063187,60.13724899,54.93187332,43.46506882,31.45265388,22.75742531,16.04514122,14.35552692,16.95293999,19.9783268,30.37712097,39.1248436,59.108181,59.20666122,50.26675034,46.79275894,36.25468826,24.12167358,14.95621204,17.55628967,11.1841917,13.07857323,27.19676971,48.59469223,58.03435516,62.21601486,53.40399933,45.06498718,30.52169037
44.2500114,39.07312517,5.307160378,11.02329922,31.52001572,53.17606735,46.77191162,58.70184708,63.16579437,40.13250732,27.20466995,9.785860062,5.88482523,3.855669975,6.942266464,14.60244942,25.01817322,47.4758873,51.20274734,60.83149338,62.82822037,44.44070435,25.25319099,8.077210426,6.173265934,3.476301908,5.191628933,10.91304207,31.68299484,48.28171921,49.95105743,55.28802872,61.08702087,40.35372162
44.3500114,39.07312517,6.968357086,16.29642105,38.41461182,63.00815201,63.6931572,73.94429016,67.58467102,46.04020691,30.33609581,12.98647404,7.518717766,5.01535511,9.976825714,21.18155289,31.20356941,56.13196182,61.38895035,72.79408264,67.84217072,52.4120369,28.43819427,10.36641026,8.448103905,4.656764507,6.343079567,15.97564411,38.86072159,57.58986664,61.2641983,68.55136871,66.35875702,45.70758057
44.4500114,39.07312517,4.502309322,13.58256721,34.94264221,63.07847595,75.22951508,73.82345581,57.72911453,34.0543251,23.58122063,11.1718998,6.191344261,4.137715816,9.561153412,19.86584663,28.9749279,57.44046783,69.71124268,71.0634613,61.16936874,38.10948181,24.19574356,8.535126686,7.698049545,4.15059185,4.134708881,13.16515064,36.42265701,58.91025925,69.58166504,68.713974,58.52045822,40.37268448
44.5500114,39.07312517,3.330337286,13.87078381,34.94200516,59.29405975,65.36475372,74.25595856,58.58126831,33.64865875,23.63323212,11.03146935,6.300190926,3.637254,7.902474403,20.49345398,29.06710625,54.81193161,62.18901825,70.91699219,62.18025208,38.55961609,23.52970314,8.434258461,7.964949608,3.950723886,2.98682189,13.19169331,36.14149094,55.78043747,61.4315033,68.64940643,60.32078934,40.7242012
44.6500114,39.07312517,2.544276714,12.91052246,33.16110611,60.33905792,70.25502014,73.10569763,49.68133926,28.75410461,20.78470802,9.180575371,4.421564579,2.430323362,6.463933945,17.26478195,27.10570526,56.16902542,66.76963043,71.64826965,54.96188736,30.78359032,20.64302444,7.107594013,5.084435463,2.215528727,1.949459314,11.56570816,35.27734375,55.86270905,67.08364868,70.90634155,51.43968964,35.78413773
44.7500114,39.07312517,2.604394197,13.07517624,31.3157711,53.22789383,56.91009903,63.22107697,46.55185699,25.87397385,17.9330368,7.290377617,3.959884644,2.684336901,7.091587067,17.35612488,25.738657,50.27336121,56.40532303,62.96060944,52.56905365,27.34089279,17.98935509,5.614361763,4.691578865,2.628405809,1.84643507,11.62975311,33.45125961,49.48996353,56.68377304,62.72446823,49.31995392,33.32740784
44.8500114,39.07312517,5.877258301,20.3487606,40.67878723,62.18915939,70.22654724,73.89250183,56.86991882,29.95178223,20.72385025,10.26181507,5.68324995,4.007962227,10.59544182,23.76452065,34.97764206,60.15662766,70.56022644,74.50952148,63.21105576,35.75693893,21.97051239,7.99336195,6.624784946,3.836883783,3.700330257,17.13895607,42.97633362,58.8483429,70.90411377,75.23721313,61.41434097,41.81598663
44.9500114,39.07312517,8.333848953,27.00790787,44.90615845,65.07009125,69.35655975,52.07250214,13.84519386,14.15404606,17.0287323,10.00746727,7.051532269,5.576550961,12.40478611,28.049757,39.04247284,59.19957733,74.82956696,68.86104584,54.49317551,18.33605003,18.3220768,8.655633926,6.987605572,4.797857761,5.125874043,22.61601448,48.13190842,60.39005661,74.23722839,68.89787292,55.19057465,37.36173248
45.0500114,39.07312517,7.628550529,21.88580704,33.95889282,54.35695267,42.7992897,6.012154579,4.364444256,7.519141674,10.99026394,8.07651329,5.290516376,4.859815598,10.85807133,22.38509178,31.0508709,51.88536072,51.46469879,38.64861679,25.5306282,9.996679306,12.53126049,6.516691208,5.561405182,4.271473408,4.183166504,18.8516922,35.18394852,53.13713837,52.23001862,33.85837555,30.81829643,19.64790535
45.1500114,39.07312517,8.918032646,24.84992981,37.61499405,61.50165176,50.12665939,9.682486534,5.000617981,9.900446892,11.15757179,8.240787506,5.64760828,4.895515442,12.21713161,24.98598099,33.80306244,60.24205017,56.70939255,48.46995544,23.4476223,11.49520493,13.04903698,6.486232281,6.145032883,3.798890352,4.786221504,21.62394333,38.95978165,61.45600891,56.92061615,41.91130829,24.71208572,17.01525688
45.2500114,39.07312517,8.623001099,26.42474365,41.76193237,61.69610214,64.74252319,27.08164024,13.83068943,20.59910202,17.64398575,8.595125198,6.154145241,4.780031681,11.53073215,26.84849358,37.83717728,61.50309372,65.14167023,56.61177826,25.42721748,12.81521988,12.78327751,7.462395191,6.175331116,4.05214262,5.960631371,24.12617111,44.98228455,64.68035889,68.88732147,55.3391571,44.4585762,22.21847343
45.3500114,39.07312517,8.003975868,25.98819351,43.10840225,61.49005127,68.74037933,42.37561798,18.29824448,23.66641426,18.74406624,8.777460098,6.23726511,5.004236221,10.99116325,26.05389977,38.59542465,60.68460083,66.83638763,63.84228897,33.34217072,15.53333759,14.03562832,7.787050724,6.151033401,4.300353527,6.284335613,23.71351814,46.09161377,63.04721069,70.01798248,60.56927109,52.09218216,25.89335823
46.8500114,39.07312517,11.85084534,23.37701035,45.34200287,64.77474213,63.0288353,60.82935333,8.480412483,27.29906845,19.47097969,14.90122414,10.8090229,14.47778893,20.48428345,28.73227119,36.02947998,61.67935562,63.84761047,68.6399231,54.60331726,41.45785522,24.97286415,15.59844494,17.07224083,10.05799961,12.92160892,23.76156425,47.21107101,61.89912796,68.42768097,73.43101501,56.73996735,40.62510681
46.9500114,39.07312517,12.99846077,25.35331535,50.98471451,68.90731049,70.84343719,65.45677185,11.13624287,28.46426392,21.65838051,15.38904667,12.36397839,15.27854061,21.55106735,31.15903282,39.45820618,63.08400726,66.41297913,62.42680359,51.82512665,38.08914185,24.68192482,14.94472885,17.7418232,10.36819077,12.76607132,25.60242462,54.01868057,65.03746033,71.31762695,66.9291687,51.6108551,38.49223328
47.0500114,39.07312517,11.80915928,24.69775009,52.71532822,68.16772461,70.45561981,76.64873505,50.8429718,37.64365005,25.31047821,16.65049934,13.80013847,13.83428383,16.82183838,28.54223061,38.58821487,61.94764328,65.28887939,67.64810181,52.52305984,43.319561,27.47665215,15.24520302,15.55503368,8.886757851,11.42076969,24.93705177,54.97961807,61.62310028,69.74243927,72.5681839,54.02511597,39.8312645
47.1500114,39.07312517,11.57394791,24.69584656,50.43954468,61.81306458,66.97808075,68.68041992,43.50791168,34.3758316,25.08764839,16.36820602,13.25299931,13.50091362,16.79825401,29.24106026,37.23929596,56.39871216,62.47360611,63.02148438,47.74834824,39.50104904,27.50107574,14.8262043,15.06302738,8.230163574,10.83139515,25.02940559,52.61671448,56.28224182,65.73336792,66.23996735,48.74357986,35.83709335
47.2500114,39.07312517,12.07735825,26.05168533,52.32548904,63.09975052,68.42831421,62.02534103,41.50587845,32.26566315,24.08663368,15.82826424,13.13434219,14.48639488,18.60810852,31.11259842,38.64611816,57.79145813,64.34574127,61.11304092,46.17453766,36.29057312,25.75546646,14.03915596,15.94637203,8.833683014,11.22138023,26.44047737,54.33678436,57.70535278,67.93294525,64.62926483,48.22890854,35.51932526
47.3500114,39.07312517,12.55368423,26.77044868,51.91747665,60.15372467,66.17380524,54.14984894,37.70372772,29.92478561,22.41957855,15.36279202,13.36772346,15.24185085,19.0869236,31.12050247,38.71672821,55.00508118,64.3743515,55.78987503,42.55743408,33.75674057,23.79123878,13.87638283,16.23837471,9.349865913,11.81316566,27.15359306,53.9634819,54.74399948,67.50083923,59.15976334,44.92434692,33.38645554
47.4500114,39.07312517,13.74794006,28.0736618,56.98550034,75.81599426,68.86426544,49.67277908,33.22423172,26.18964195,22.93369865,16.24084854,15.9644165,17.54758263,20.13800812,33.15138245,43.51514435,66.64912415,66.76926422,52.2665596,42.95923615,33.07438278,25.26020241,15.23448181,18.40591812,10.76479149,13.19426537,29.41518784,59.85454941,67.14663696,67.89318085,54.27443314,43.45481873,32.27650452
47.5500114,39.07312517,13.72325993,27.89632988,52.51169586,69.33132935,62.11517334,62.29657745,38.32743073,29.80686951,24.94013405,16.81017685,14.76546288,17.47161484,19.57616234,32.13432312,40.66604996,62.07668686,63.45165634,59.48508453,50.65528488,39.09710693,27.54148293,15.8525095,17.42601776,10.85022068,13.23650169,29.05355453,54.3432579,61.95537949,63.37450409,60.54559708,50.4960289,36.29127884
47.6500114,39.07312517,13.61580563,27.54136086,55.23584747,74.81748199,62.05950928,52.97837448,26.66355133,23.60817719,22.22252083,16.69405746,16.39558983,18.34869576,20.15896225,32.17781067,41.27264786,63.54014206,61.44172668,50.42017746,43.85635376,32.05847549,25.36851501,17.13272476,20.78909302,11.14898109,13.96045017,28.93303108,57.79450989,65.73975372,59.76644516,55.76117325,44.71842575,29.84549522
47.7500114,39.07312517,14.44393253,27.91017342,49.9421463,65.32989502,57.36991882,51.62728119,33.49757385,21.59655762,21.52950478,16.92102242,17.28260994,18.94118309,20.74050522,31.96817398,36.94165039,55.93861771,58.40115356,50.27012634,41.83213806,30.25012207,24.62350273,17.19263458,21.30283356,11.60184669,14.63200092,29.01165771,51.48118973,57.03726959,55.60028458,53.94903946,44.63220978,28.68974113
47.8500114,39.07312517,14.27927971,28.45756149,50.15448761,58.38537598,63.17771912,48.70150757,30.38662529,20.51351738,20.5125885,16.17281342,16.80983162,19.78875351,21.08914948,32.98708725,36.28911972,51.09373856,60.74559021,49.49835587,39.35440826,29.86106682,23.25344658,16.31707954,20.42733002,12.01403999,14.32960796,29.59183693,51.49520874,51.79937744,59.88435745,52.98871613,42.75995636,27.91751671
47.9500114,39.07312517,12.81177139,25.52792168,48.16652679,61.01531219,62.2573204,55.05345535,42.11371994,29.92587852,23.02350235,16.83253479,15.43778801,16.87485695,18.51689148,29.1276722,37.06996536,54.05416489,58.81137085,49.87929153,44.16882324,35.76684189,23.22187424,15.88380909,18.43625259,11.01512432,12.57553291,26.21536064,51.72363281,56.46892166,59.94251251,52.2690506,42.83190918,28.68088722
48.0500114,39.07312517,12.35032368,24.78412628,48.01187134,59.12545776,59.32967758,43.8806572,35.46908569,27.65248871,21.45716858,16.53937912,15.70209122,17.21321297,18.96115303,29.05672264,35.65749741,51.64516449,56.16005707,41.49070358,38.05215454,33.68378067,21.41983795,15.65133762,19.13651657,10.76874256,11.86180973,25.32220078,51.16505051,54.80805206,57.94543457,44.58472824,38.30414963,27.03853607
48.1500114,39.07312517,11.57834816,21.85643768,43.59329987,64.17670441,49.81095123,35.79891205,30.41469955,25.64087486,21.00037193,14.79972935,12.9337759,13.8210144,16.95707321,24.80304527,34.43122864,57.81080627,52.0110321,38.39068985,37.31779861,31.11131096,22.33610535,14.12684917,15.92233658,9.084356308,9.614253044,21.77293968,46.41362762,61.48397446,52.826828,40.17499924,34.35017776,26.4437542
48.2500114,39.07312517,12.15858269,23.08040619,46.30548859,60.10897064,61.51754761,45.31996155,35.05922699,30.11341286,22.11093712,16.22752953,14.22150612,15.01845741,19.19306374,26.99784851,36.09337997,54.35817719,58.18422318,45.97815323,41.47215652,34.44986725,25.04277802,15.75773239,17.75086784,9.501461983,9.555598259,22.63030243,48.85036469,57.84427261,59.17739105,46.24933624,38.33914948,29.36402702
44.2500114,38.97312517,5.463596821,11.74830341,36.04417801,52.91864777,45.13051605,57.43209839,64.22098541,46.17731857,30.27489471,11.62946224,6.433049679,4.022230625,7.053014278,13.56391525,28.90064049,48.48365402,50.73542023,60.49118423,64.32682037,52.43187332,28.60572052,9.494217873,6.52128315,3.270435572,5.324873924,10.95196915,35.56156158,50.27772141,52.19255829,55.83046341,61.90320206,45.40431976
44.3500114,38.97312517,4.917660713,12.20831871,34.31615829,64.24462128,74.4392395,79.05537415,60.84584808,38.95820236,26.41882133,10.83191776,6.031574726,4.150406837,7.548229218,16.50437927,27.99521255,55.39482498,65.06912994,76.75524139,63.92063904,43.23873901,24.95619392,8.803478241,6.463134766,4.010832787,4.767976284,12.41056156,35.11167908,56.28692627,67.81390381,72.20084381,60.48265076,40.54751968
44.4500114,38.97312517,3.411423206,11.47717285,36.21512604,64.50859833,74.94168091,82.79780579,61.68592453,36.94857788,25.62804222,11.35663319,5.367436409,3.559958696,7.27491188,17.33533669,29.93655205,58.86320877,69.98760986,78.78276062,64.35296631,42.19935989,26.16243553,8.697346687,6.718138695,3.523099184,3.106408358,11.62794018,37.59817886,60.78997803,70.17850494,75.80199432,62.03731155,42.64532471
44.5500114,38.97312517,2.957892418,11.02445126,34.24850464,63.25741577,73.57076263,84.92652893,61.06072235,34.90979385,24.64963722,10.71564865,5.287925243,3.17350316,6.936675072,17.35650444,28.12188339,57.5803299,67.68878937,81.00765228,64.71794891,40.7766571,25.14386368,8.41836071,6.88448,3.374527931,2.707660675,11.10612869,35.62339783,58.3057785,68.07448578,77.87945557,62.98635101,41.86071396
44.6500114,38.97312517,2.629169703,12.39845085,35.23192978,63.34690475,71.75994873,81.00733185,61.34452057,34.27156448,24.07509995,10.01725578,4.837920666,2.446353912,6.471684933,16.81874847,28.45970726,58.82423019,67.91332245,79.42328644,65.54428101,37.81641006,24.59911346,7.834999084,5.528008461,2.299507141,2.036834955,11.75188923,37.70804596,58.52697754,68.40855408,76.52719116,62.53753281,40.71289444
44.7500114,38.97312517,3.896494865,14.97380447,35.32750702,61.39426041,71.04269409,77.26840973,59.27463913,36.28620911,22.85438919,10.49928856,5.438618183,3.138089657,8.861384392,20.11456871,28.70687294,57.69148636,70.26197052,76.23774719,64.34941101,38.54045868,23.06165504,7.902795792,6.341747284,3.017763853,2.791734457,14.46033287,37.82776642,57.72812653,70.82205963,73.82667542,61.49298859,42.64818954
44.8500114,38.97312517,4.839457035,15.97418404,32.65457916,54.39124298,60.8449707,59.2378006,45.76042938,17.75107765,16.13964462,9.086307526,4.766048908,3.436586857,8.752308846,20.47543526,28.13407707,53.55444336,65.34094238,63.56866074,54.6447258,29.22751808,19.17260933,6.899718285,5.872382164,3.358931303,2.681612253,14.76406765,34.56226349,53.75864792,64.4695816,62.97787094,50.60419083,34.64999771
44.9500114,38.97312517,7.406665802,24.17271805,41.94035721,62.21192551,65.11450195,34.99833298,11.90259361,13.74643803,16.75159264,10.3335638,6.800174236,5.223515034,11.57551098,25.44632912,36.35441208,57.11485672,70.74465942,60.49371338,49.54906082,18.21006775,18.22962189,8.665746689,6.974076748,4.444915295,4.303468704,20.52318573,44.30714035,58.4018364,70.22392273,57.14296722,48.47478867,33.1216507
45.0500114,38.97312517,7.176068783,22.51315308,37.62270355,60.59804916,61.52560425,23.1498642,9.679250717,11.86918259,14.87729263,8.902672768,5.64242506,4.733661652,10.99466705,23.31612396,33.62245941,57.88074875,65.26873779,58.31972122,43.01532364,16.32108498,16.66686821,7.528778553,5.929269314,4.243543625,3.972668171,18.92527962,38.51348114,58.94951248,64.83267212,53.96573257,46.29439163,31.77773094
45.1500114,38.97312517,8.221772194,25.00070763,37.76218033,58.79136658,46.82339478,9.992399216,4.10680151,9.32556057,11.0442667,8.895039558,5.866523266,5.14766264,11.81979752,25.10297775,33.52444458,57.80596924,54.17076492,47.50950623,25.99419975,12.70336914,14.19456768,6.938650131,6.523606777,3.86465764,4.577941418,21.54924202,39.25402451,58.96681213,54.60837555,40.74911118,29.66991425,17.36076546
45.2500114,38.97312517,6.523463249,23.80726814,39.45257568,60.64315414,61.81956863,38.70147324,12.78089809,15.14321804,14.89489841,7.948493481,5.502686501,4.442624569,9.572500229,23.39731598,34.56832123,59.23308945,66.17691803,56.68029785,43.59497452,17.06103516,15.22396088,6.962467194,5.625166893,3.274800301,4.463502407,20.24779892,40.73815536,60.03881073,65.87095642,51.10361862,43.01902008,26.14053535
45.3500114,38.97312517,6.473670959,23.64303589,40.38729477,57.50413132,63.83604813,53.09939575,16.10603333,20.69685745,16.09417725,8.555664063,5.735896587,4.514185905,9.319716454,23.0681839,35.71411896,56.27890778,64.88985443,59.97615433,48.42895889,11.58388329,13.47911549,7.027687073,5.701859474,3.800888538,4.863750935,20.71973038,43.41723251,57.50961304,63.94378662,59.66270828,46.42776108,30.06401253
45.4500114,38.97312517,5.858397484,20.58485603,35.61658478,52.50627136,62.65019608,31.86087608,10.14531517,16.05824471,13.42679882,7.264073372,4.945687771,3.578243256,8.138051033,20.06556129,31.38516808,53.14760971,60.91875839,53.48994446,36.90714645,10.02573681,12.82537746,6.121209145,5.237194061,2.966739178,4.361229897,18.11128998,38.2352829,55.3504715,61.03646469,59.72989655,43.22516251,19.71040726
46.6500114,38.97312517,11.05740833,24.3725071,45.64074326,68.39703369,54.77472687,2.731685877,4.634227276,27.10799026,17.82260132,16.79690933,12.12722301,14.36710358,20.74316978,30.14080048,37.68808746,67.53079224,65.44411469,60.27378464,49.63541412,35.9684639,24.93140221,16.38102722,17.89943695,9.904430389,12.85080528,25.46953583,49.16720963,68.17616272,67.82329559,62.6428833,47.45316315,35.84589386
46.7500114,38.97312517,10.67435074,21.21253777,40.23987198,64.64041901,61.68200684,63.50579453,11.3701992,26.12237167,18.05205536,14.55319405,10.12307167,13.41304398,18.80812645,25.97221184,33.32762146,62.67081451,66.83322144,68.3055954,52.06755447,37.69984818,23.61494064,15.12347126,16.29489136,9.482710838,12.23447514,22.25244904,42.90354919,63.11662674,69.93304443,71.00657654,50.81583023,37.33045959
46.8500114,38.97312517,8.532752991,17.36583328,37.5431633,58.31880569,58.29037094,64.79669952,46.80098724,29.70942688,19.62345314,13.2600317,9.454220772,12.02503681,17.11112595,22.99695778,29.83468056,55.57217407,59.81464767,67.57660675,54.12722397,44.88828659,24.2369957,14.15647888,14.92412567,7.918165207,9.979781151,19.06226921,40.18342209,55.57413483,63.51888657,71.81529999,56.94224548,42.16238403
46.9500114,38.97312517,9.818507195,18.01838112,38.94013596,66.28031921,66.99087524,73.92787933,51.36898422,30.42709541,20.79507446,13.85783768,10.66665268,12.89176083,18.23280144,24.41580582,31.41592407,60.10264969,65.48108673,71.60301971,58.10573578,48.62957382,26.44271088,14.28498077,15.99368,8.369496346,10.02124023,19.90590858,41.20196533,62.78789902,68.47358704,75.71524811,59.61499786,44.48396301
47.0500114,38.97312517,9.486573219,20.20094299,47.5161171,67.82840729,69.04785156,84.97563934,58.41367722,40.62336349,24.63523102,15.20752144,11.99340248,12.06841564,14.46469688,24.28163528,33.38611221,60.53250122,64.06341553,71.28003693,56.52942276,46.28606415,27.07744408,13.88986874,13.82700729,7.787129879,9.596301079,21.09108925,48.58187485,59.72324371,67.69903564,76.37740326,58.24407196,42.1398468
47.1500114,38.97312517,7.752069473,17.77938652,44.32339096,61.25780869,64.60894012,81.99965668,52.27700806,36.42721176,21.87998772,13.13306332,10.0303669,10.83786297,12.80391502,22.35718727,31.28671646,54.84511948,59.74934769,67.98017883,51.5378952,41.98640823,24.08763313,11.89630413,11.72625923,6.383532524,7.78270483,19.15486336,46.32824326,54.23134613,62.16942978,71.66472626,52.92513657,36.67687225
47.2500114,38.97312517,8.496573448,19.43787766,46.85117722,61.52851105,66.29445648,71.48497009,46.33805466,32.67929077,21.29357529,13.25555515,10.63330173,12.03176785,15.33498859,25.01748848,33.80034256,55.20521927,59.8639946,63.67820358,47.73633194,36.85028076,23.44958878,11.86855984,13.75713539,6.849039078,8.30325222,20.59991074,49.34679413,54.50777054,62.85529327,67.14679718,49.8605423,34.37874222
47.3500114,38.97312517,8.051110268,19.99366188,46.23919678,62.10516739,66.59197998,78.24613953,52.38477707,35.74095154,22.1143322,13.53669834,10.27581596,12.12118816,14.77442169,24.82367134,33.99290848,55.59262848,59.88887787,66.92031097,50.26926804,39.22145462,23.93940926,12.18038654,13.89345837,6.953595638,8.32111454,21.02181435,48.38469315,54.59331894,62.18345642,69.86878967,51.91275787,35.82778931
47.4500114,38.97312517,9.931599617,21.83612442,48.50298309,63.65950775,71.57976532,71.91727448,39.99845123,27.18728256,22.80884743,14.67073822,12.89047718,14.86105633,16.35637856,27.33843613,36.43125534,57.54494858,65.26496124,65.85652924,49.65956497,37.31316376,26.03515434,13.80627918,15.20598793,8.602365494,10.2997694,23.97113228,50.20398331,57.01926422,66.0704422,67.54711151,49.78894043,33.9692421
47.5500114,38.97312517,11.64858437,24.38092422,50.68795776,74.71154022,65.76233673,63.15233612,30.57890511,27.52073097,23.88886833,15.95629597,15.4121933,17.1554718,18.1530571,29.42808342,38.77126312,66.27320862,63.72759628,60.75638199,50.30094528,39.32704926,27.01226997,14.90947437,17.79038239,9.705032349,11.43044567,26.09806824,52.28853226,65.32705688,63.90185928,62.73811722,51.81427002,36.48276138
47.6500114,38.97312517,10.35590839,22.33198929,50.98570251,73.99181366,71.6908493,51.64297867,15.58989811,20.11465836,18.50128937,13.71557808,13.74048233,16.0134716,17.21265984,27.15812492,37.72074127,62.36115646,65.09584045,50.53580475,40.9786911,29.55378723,21.8732338,14.16820049,17.99141502,9.101838112,11.66979504,24.1703701,53.52137375,63.87614441,65.00658417,54.86813354,41.93103409,26.8808651
47.7500114,38.97312517,11.08876514,24.07653236,46.95096588,64.68425751,63.80920029,47.7747612,31.27187347,19.40624428,18.1857357,13.67511272,13.43868446,15.87887478,16.61338425,27.68276978,34.32137299,54.59169769,58.99510193,45.40267944,36.48661041,26.51423264,20.60403252,13.75439167,16.38315773,9.087855339,11.96665955,25.12013054,47.91731644,55.1859169,58.39159775,49.85102081,39.51312256,24.77821159
47.8500114,38.97312517,10.59377098,23.8586235,48.15390396,54.79866409,58.35802078,44.62742615,28.11405945,18.877985,18.36249352,14.43619061,13.43882751,15.54615498,16.83959007,27.98491669,34.90948105,48.21609116,55.52841949,45.3107872,34.93535614,27.38066673,21.09518623,14.3352499,16.45562744,8.958859444,11.41295052,24.49494743,50.51570511,48.16148758,54.63751984,47.51219177,38.94957352,25.15349007
47.9500114,38.97312517,10.64967155,21.74995422,45.69950104,57.08163452,61.0280838,52.38254929,37.6227417,27.30841637,19.94376564,14.47503185,13.34518051,14.43734455,16.84520721,25.81640244,34.18573761,49.97733307,55.92787552,46.80203629,39.23942184,32.80918884,20.32368279,13.5713625,15.94809341,8.946960449,10.99395847,22.47166252,49.73910522,52.54188156,57.21796799,48.21739578,38.31510925,25.5308075
48.0500114,38.97312517,8.236543655,17.63074303,40.70839691,54.40224838,58.34802246,57.9499321,36.96580124,27.27007866,19.76277161,13.67844296,12.05601597,12.5362196,14.91741085,21.93408775,29.68665886,47.97907257,52.81764603,49.83110428,38.31509018,32.48447418,21.5512867,13.29757881,15.31894493,7.244176865,8.477636337,18.43194962,43.9237709,51.23765945,53.84561157,50.10508347,37.2972908,24.43394279
48.1500114,38.97312517,8.933579445,17.62554932,39.50629807,51.85530472,59.00155258,62.29600143,43.56801605,31.61505127,20.4745121,13.72729492,11.25749779,12.23055649,15.16065502,21.35466576,30.4897995,47.40891266,54.83129883,55.61680984,46.19087982,34.60646439,24.52627945,13.34199142,14.95747089,7.463709831,7.459771156,17.31788445,42.52526093,50.50050354,55.34631348,53.2484169,42.91730499,29.14969635
44.2500114,38.87312517,5.786539555,12.76317787,35.72323608,51.02994537,48.63621902,62.16116333,64.11000061,38.94503403,28.12885857,11.4742794,6.419455051,3.445839882,6.84259367,15.73802185,28.88436508,47.82749939,52.01200104,62.74887466,64.66891479,42.94961166,25.45885277,8.980068207,6.17582655,3.083629847,5.273433685,11.84717178,36.30812454,51.1149292,49.24570847,56.00529861,61.87906647,40.27291107
44.3500114,38.87312517,4.270928383,10.11705875,30.55797577,49.41333771,47.41113663,58.98958206,61.0452919,36.55474854,25.5300293,9.788271904,5.334320068,3.182641745,5.614371777,13.96177864,24.25656128,44.72981262,48.77958298,59.43593216,60.94066238,40.42091751,22.74197769,7.543033123,5.448760033,3.507175922,3.693758965,10.12077332,31.29754448,46.11424255,47.21625137,53.25994873,58.12322235,37.57330704
44.4500114,38.87312517,3.750000477,10.726408,34.71300888,54.39321136,52.97001648,63.66042328,64.45861816,42.79626083,28.98180389,11.21190166,6.052071095,3.618119001,6.738954544,15.77970028,26.88421059,49.33511734,53.86655045,63.72847748,65.29948425,48.89781189,26.56369972,8.52009201,7.252786636,4.11448288,3.628354549,12.14400864,35.51934814,50.18463898,53.92127609,59.51542282,62.71779633,43.3542366
44.5500114,38.87312517,5.021813393,14.73338032,40.40481186,61.63680267,62.24149323,65.06467438,60.45847702,44.57956696,26.79005623,13.56325436,7.708346367,4.510988235,9.014687538,21.95720673,31.48895073,56.10142517,61.91136932,65.02516174,64.41611481,52.04084778,29.16194153,10.32834816,9.685829163,5.356518745,4.632082462,15.89876747,40.29289627,56.52683258,60.52898026,62.86288834,60.39431,47.06071472
44.6500114,38.87312517,4.314132214,13.29959202,37.43325806,66.46363831,79.27812195,67.75257874,50.36619949,26.32575417,21.71702576,11.13820934,6.562632561,3.759648085,8.628090858,19.19463158,29.16908646,61.06987,76.14807129,70.76285553,57.68398285,31.5686264,22.85635376,8.138695717,7.732735634,3.645590305,3.214408159,14.32710457,38.90694809,59.98855209,75.61139679,69.93210602,54.72274399,39.20302582
44.7500114,38.87312517,4.775170803,15.88852978,39.001091,69.31139374,80.59262085,75.0025177,45.24935532,20.14781761,20.62010956,11.82726765,7.0489645,3.81746459,9.572294235,22.00374794,30.66043472,64.54246521,78.05614471,78.4157486,61.81357193,34.58176804,23.8553524,8.930621147,8.474748611,4.006095409,3.359793186,16.54279709,40.16132355,62.60925674,77.32743073,77.82343292,59.31732941,41.45111847
44.8500114,38.87312517,6.606764793,18.069767,37.49393082,60.6472435,67.07730103,64.6859436,28.23215103,16.78268623,17.97985649,11.22365093,6.748053551,4.421093941,11.45418358,23.28790474,30.25834656,58.04270172,69.90852356,72.02903748,62.01802444,33.32514572,21.22071648,8.37688446,8.303061485,4.376905918,4.114289284,17.86372757,37.92568207,55.96001434,68.4023819,68.58740997,57.32470322,37.39628983
44.9500114,38.87312517,5.811382771,18.58429337,35.10258865,53.43793106,54.29656601,29.46668243,9.004667282,11.81863403,13.67986679,8.999901772,5.629637241,4.629862309,9.934228897,20.85422134,28.42306137,50.02491379,56.16632462,52.60939026,41.54990005,27.03130913,16.59215355,7.37795496,6.562903881,3.53401041,2.996418238,16.57229424,35.07172012,51.19396973,56.35527039,45.9850502,40.85670471,19.27887917
45.0500114,38.87312517,7.066802502,21.86291504,39.41422272,60.90238571,67.42314911,35.47676086,12.76156235,13.66304111,14.65802288,9.471703529,5.867937088,4.832323551,11.47847939,23.05291367,32.01051712,58.5993309,68.02281189,62.96004486,50.80503845,25.40712166,17.28679848,7.816494465,6.888985634,3.793622494,3.749788523,18.94261742,39.56437302,59.28733826,66.91933441,58.91798019,47.80445099,21.50233269
45.1500114,38.87312517,8.291119576,24.28323174,43.56118393,64.32362366,72.00314331,32.67905045,11.34012508,14.23674583,16.34403038,10.23791218,7.72616291,6.619309902,12.91126537,25.56661224,35.17548752,62.02461243,71.71498871,74.4023819,50.97964478,20.43790817,19.61860085,8.81066227,7.798047543,4.248335838,5.153653622,21.50977325,44.78734207,63.39924622,69.33996582,71.53764343,44.0052948,21.49010277
45.2500114,38.87312517,8.233216286,22.15490341,34.83924103,50.51782227,42.86857605,8.381465912,3.177224159,12.32762909,11.90673447,9.962622643,7.229300022,6.675666809,12.15058708,23.08881569,29.35043526,52.23640823,56.35073471,50.69406509,26.84350967,13.96286678,16.08039474,7.977564812,7.35557127,4.338251591,5.692273617,19.77385521,35.65782547,51.15057755,54.81539154,53.27164841,23.34668159,15.22150517
45.3500114,38.87312517,9.163311005,25.6600399,40.06145096,55.66931534,46.122715,8.196148872,3.104421377,11.1023798,11.59196758,10.78347301,8.367616653,7.065930843,13.08178043,26.02823067,33.27810287,57.08596039,56.5675087,45.06946564,24.78603172,14.0860548,15.26991081,8.701000214,8.31423378,4.586605072,6.91730547,22.8215847,40.99396896,55.81702042,54.91942215,46.91973495,22.10862541,14.12866306
45.4500114,38.87312517,7.585747242,25.06915283,43.15457153,57.39694214,59.72785568,15.32421207,7.600273609,14.68705845,15.80601025,10.44592381,7.530422688,5.937199593,11.43614292,25.26050949,35.77134323,58.82868958,64.87610626,35.51715088,35.76463699,7.781348705,14.0732069,8.440657616,7.244225979,4.096398354,6.064573765,22.22929192,47.0573349,61.01340485,64.95513153,59.24934006,36.41849136,15.90793705
45.5500114,38.87312517,6.949444294,23.82365799,40.28519821,58.90512848,41.93186951,13.32288742,6.466874599,12.90143585,14.88706207,10.38176155,7.403305054,5.601346493,10.92862606,23.93836021,33.58294678,59.03568268,60.3028183,22.3799839,33.66738129,7.833483696,13.52426338,8.373967171,7.172295094,4.033013821,5.965548515,21.29108238,44.33370972,62.56980133,60.45461273,54.77134705,20.00564194,13.26276207
45.6500114,38.87312517,7.825724125,26.06809044,45.19776535,65.16014862,70.70455933,16.21804619,10.04296112,14.26222515,17.70217133,12.44565487,7.522275925,4.78947401,11.48377228,26.65614891,39.13890457,67.39260864,72.55768585,52.65999222,46.04507828,11.17962837,18.15751839,10.93652058,7.566375732,3.88152194,6.172717571,21.74062157,49.76705933,72.35755157,72.27001953,68.13344574,54.22504044,27.66526604
45.7500114,38.87312517,6.226514816,21.02861404,39.09617615,65.06806183,79.60475922,29.90540504,8.15648365,14.29272652,18.00893402,12.17191315,7.136484623,4.354154587,10.10202122,22.62499809,33.11366653,66.14339447,78.58176422,76.63739777,50.96056747,9.364461899,19.91996574,10.74997616,7.179794788,3.650314569,4.979608059,17.62316704,42.02209473,71.12456512,77.71082306,87.64762878,70.24060059,46.23435211
